y	x	PANEL	group
1.32996609425514	-0.9379653474316	1	1
0.243076919990989	-0.511504401452839	1	2
-0.233146573716909	0.291413453407586	1	3
1.73677544954501	1.6328311599791	1	4
-0.0635615858288243	-1.19327227585018	1	5
1.46423716080289	1.59355873987079	1	6
4.16380631586178	1.77870107442141	1	7
-0.207571813698537	0.643191169947386	1	8
-1.11769986607374	0.516456175595522	1	9
4.94179098643521	-1.75285491812974	1	10
1.8083155870628	-1.1761017004028	1	11
1.4352014484404	-1.29377298988402	1	12
1.61812377146071	0.748091386631131	1	13
1.10133382148503	-0.463585127145052	1	14
0.54578722291825	1.07936567999423	1	15
2.20618716033219	-0.00920303165912628	1	16
0.502698012086705	0.87047403305769	1	17
2.44705104788921	1.96762437932193	1	18
0.0858653288193806	-0.479859282262623	1	19
1.43915195256338	1.10978088527918	1	20
5.33147660627283	1.73882092442364	1	21
1.43159321674979	-1.15142991486937	1	22
0.825077706522192	0.606695064343512	1	23
2.16619084321208	-1.49777961615473	1	24
0.532978630715974	-0.931117325089872	1	25
0.172793970362965	-0.455543629825115	1	26
4.57626309144154	-1.94643866736442	1	27
2.29656649092689	-0.470448171719909	1	28
3.21413358131603	1.47876338288188	1	29
1.61572348412479	-0.638604013249278	1	30
-1.22618546537354	-0.071679538115859	1	31
1.14250922753465	0.398263301700354	1	32
0.220592239094842	-0.0258347718045115	1	33
0.108100269535567	-1.25512959435582	1	34
2.23579537842017	1.30949327442795	1	35
0.295342065318779	0.673866952769458	1	36
2.84982084221559	1.17695944290608	1	37
1.69324920810672	-1.56822549644858	1	38
0.370533644122874	0.894843784160912	1	39
-0.800153868016133	-0.354902281425893	1	40
1.47100041787069	1.28378517646343	1	41
0.748038989188001	0.588240775279701	1	42
0.549066994507935	1.13173104915768	1	43
0.875378773621944	0.212145246565342	1	44
-1.19395073115042	0.118878320790827	1	45
0.291648048272586	1.15742492675781	1	46
5.07656798954104	-1.90667519066483	1	47
-1.00755194629282	-0.0910797398537397	1	48
1.27548948311633	0.9292549546808	1	49
0.213251194718451	0.770926225930452	1	50
0.417415940664634	-0.0895215114578605	1	51
3.77642986465947	1.4448379073292	1	52
1.64789992358623	-0.247611571103334	1	53
0.7111470762861	-1.02081089187413	1	54
0.66382815367343	-1.7172838114202	1	55
5.06449929938431	-1.60213535930961	1	56
1.20716353607015	-0.734913171269	1	57
0.546883108199776	0.0745370527729392	1	58
0.406530793415766	0.648020305670798	1	59
0.648998247262321	-0.372679251246154	1	60
2.56308862955951	1.6515036970377	1	61
1.1022877270305	-0.825586508959532	1	62
-0.373436907711341	-0.163737094961107	1	63
-0.920743153696172	-0.670421303249896	1	64
1.35202863279996	0.60348186828196	1	65
2.45663908013027	-0.967932877130806	1	66
-0.301375667280739	-0.0858190068975091	1	67
-0.118547782809723	1.06524268258363	1	68
3.40785135707666	-1.66301234252751	1	69
2.20914847559752	1.50128532014787	1	70
-1.31885809747991	-0.643708248622715	1	71
1.84564788105168	1.35776140075177	1	72
-0.254205093983582	-0.613266043365002	1	73
0.101123798241517	-0.664900276809931	1	74
-1.14762414488275	-0.0945950197055936	1	75
4.26425446215116	1.56879334338009	1	76
1.79275996135792	1.45735788252205	1	77
-1.41187660352984	-0.440041826106608	1	78
1.42770175877641	1.10928279533982	1	79
3.65787867618229	1.84247198887169	1	80
-0.917516573529042	-0.261362060904503	1	81
-2.16632085297149	0.850058714859188	1	82
-0.480463682530569	-0.400022524408996	1	83
1.05853756957781	-0.698591392487288	1	84
0.997777550851964	1.02834859210998	1	85
1.3160915784076	-1.18923097942024	1	86
1.27397545785545	0.844484889879823	1	87
1.10341340327582	-1.51323231589049	1	88
2.13319458869836	-1.01804594416171	1	89
2.03036422353048	-1.42678248230368	1	90
1.79199613112414	-1.04148233961314	1	91
4.14672987155468	-1.76426249090582	1	92
0.547415591172696	0.569153034128249	1	93
1.38654871384103	1.50507685076445	1	94
2.40765891267392	1.11565870977938	1	95
-0.585884337573535	1.18923530355096	1	96
-0.51278474801717	-0.17890218552202	1	97
-0.126312752334328	-0.359663671813905	1	98
1.38012388868063	1.24348097108305	1	99
1.19663983531674	0.419733161106706	1	100
0.519253795816729	0.618895712308586	1	101
0.751984258898043	-0.587210912257433	1	102
0.77483159606751	-0.91895941644907	1	103
3.63613700452891	1.9707362446934	1	104
0.980678033027158	0.533973057754338	1	105
2.46222153650324	-1.14716745913029	1	106
-0.205258512979628	-1.48251060768962	1	107
0.580400682003422	-0.0875278627499938	1	108
3.25215090220087	1.69629787933081	1	109
-0.269208063460124	0.39504386857152	1	110
4.57882929880411	1.90468277968466	1	111
0.470407115330443	0.927170047536492	1	112
0.0441041817403071	-0.573092351667583	1	113
0.9325434594675	-0.274105237796903	1	114
3.6997089957733	-1.40715375728905	1	115
4.06355006093538	-1.94768969807774	1	116
0.32131565183047	0.862264264374971	1	117
1.33029071728402	-1.58726305700839	1	118
-0.284867039612333	-0.214862605556846	1	119
-0.62577648093313	0.560404180549085	1	120
3.61155106755437	1.96735448017716	1	121
0.394689833119322	-0.0176256885752082	1	122
-0.847938093824471	-0.0626019025221467	1	123
4.35540541959815	-1.30623066052794	1	124
1.19495109582865	1.01928377803415	1	125
1.16421728208378	-0.184418043121696	1	126
-2.28712775472824	0.0446791350841522	1	127
2.10947892941922	-1.16981954686344	1	128
-0.138222704365161	-1.08536742907017	1	129
1.06637625742122	0.382847985252738	1	130
0.487823692660766	0.299488793127239	1	131
2.45446403554295	-1.69174247886986	1	132
4.77581948156775	-1.85783768165857	1	133
-0.374982827780871	0.571181968785822	1	134
2.35876152548721	1.71446079853922	1	135
-0.847118207849977	0.392369689419866	1	136
-0.608836189024771	0.243602992035449	1	137
0.956024031967387	0.104110895656049	1	138
4.19878016920658	1.94038089551032	1	139
1.00609357685403	0.0305672893300653	1	140
0.144465043226866	0.731152314692736	1	141
0.541340193882069	0.406164870597422	1	142
1.33519800379841	-1.04452528897673	1	143
-0.490517838027949	-0.967336293309927	1	144
2.61975574134185	0.917238493449986	1	145
0.170440077474312	-0.189716674387455	1	146
2.45428086475731	-1.29949292633682	1	147
1.92889725664926	0.986793078482151	1	148
2.44599052635238	-1.58004943840206	1	149
1.82047289802974	1.45817979611456	1	150
1.32996609425514	-0.9379653474316	1	151
0.243076919990989	-0.511504401452839	1	152
-0.233146573716909	0.291413453407586	1	153
1.73677544954501	1.6328311599791	1	154
-0.0635615858288243	-1.19327227585018	1	155
1.46423716080289	1.59355873987079	1	156
4.16380631586178	1.77870107442141	1	157
-0.207571813698537	0.643191169947386	1	158
-1.11769986607374	0.516456175595522	1	159
4.94179098643521	-1.75285491812974	1	160
1.8083155870628	-1.1761017004028	1	161
1.4352014484404	-1.29377298988402	1	162
1.61812377146071	0.748091386631131	1	163
1.10133382148503	-0.463585127145052	1	164
0.54578722291825	1.07936567999423	1	165
2.20618716033219	-0.00920303165912628	1	166
0.502698012086705	0.87047403305769	1	167
2.44705104788921	1.96762437932193	1	168
0.0858653288193806	-0.479859282262623	1	169
1.43915195256338	1.10978088527918	1	170
5.33147660627283	1.73882092442364	1	171
1.43159321674979	-1.15142991486937	1	172
0.825077706522192	0.606695064343512	1	173
2.16619084321208	-1.49777961615473	1	174
0.532978630715974	-0.931117325089872	1	175
0.172793970362965	-0.455543629825115	1	176
4.57626309144154	-1.94643866736442	1	177
2.29656649092689	-0.470448171719909	1	178
3.21413358131603	1.47876338288188	1	179
1.61572348412479	-0.638604013249278	1	180
-1.22618546537354	-0.071679538115859	1	181
1.14250922753465	0.398263301700354	1	182
0.220592239094842	-0.0258347718045115	1	183
0.108100269535567	-1.25512959435582	1	184
2.23579537842017	1.30949327442795	1	185
0.295342065318779	0.673866952769458	1	186
2.84982084221559	1.17695944290608	1	187
1.69324920810672	-1.56822549644858	1	188
0.370533644122874	0.894843784160912	1	189
-0.800153868016133	-0.354902281425893	1	190
1.47100041787069	1.28378517646343	1	191
0.748038989188001	0.588240775279701	1	192
0.549066994507935	1.13173104915768	1	193
0.875378773621944	0.212145246565342	1	194
-1.19395073115042	0.118878320790827	1	195
0.291648048272586	1.15742492675781	1	196
5.07656798954104	-1.90667519066483	1	197
-1.00755194629282	-0.0910797398537397	1	198
1.27548948311633	0.9292549546808	1	199
0.213251194718451	0.770926225930452	1	200
0.417415940664634	-0.0895215114578605	1	201
3.77642986465947	1.4448379073292	1	202
1.64789992358623	-0.247611571103334	1	203
0.7111470762861	-1.02081089187413	1	204
0.66382815367343	-1.7172838114202	1	205
5.06449929938431	-1.60213535930961	1	206
1.20716353607015	-0.734913171269	1	207
0.546883108199776	0.0745370527729392	1	208
0.406530793415766	0.648020305670798	1	209
0.648998247262321	-0.372679251246154	1	210
2.56308862955951	1.6515036970377	1	211
1.1022877270305	-0.825586508959532	1	212
-0.373436907711341	-0.163737094961107	1	213
-0.920743153696172	-0.670421303249896	1	214
1.35202863279996	0.60348186828196	1	215
2.45663908013027	-0.967932877130806	1	216
-0.301375667280739	-0.0858190068975091	1	217
-0.118547782809723	1.06524268258363	1	218
3.40785135707666	-1.66301234252751	1	219
2.20914847559752	1.50128532014787	1	220
-1.31885809747991	-0.643708248622715	1	221
1.84564788105168	1.35776140075177	1	222
-0.254205093983582	-0.613266043365002	1	223
0.101123798241517	-0.664900276809931	1	224
-1.14762414488275	-0.0945950197055936	1	225
4.26425446215116	1.56879334338009	1	226
1.79275996135792	1.45735788252205	1	227
-1.41187660352984	-0.440041826106608	1	228
1.42770175877641	1.10928279533982	1	229
3.65787867618229	1.84247198887169	1	230
-0.917516573529042	-0.261362060904503	1	231
-2.16632085297149	0.850058714859188	1	232
-0.480463682530569	-0.400022524408996	1	233
1.05853756957781	-0.698591392487288	1	234
0.997777550851964	1.02834859210998	1	235
1.3160915784076	-1.18923097942024	1	236
1.27397545785545	0.844484889879823	1	237
1.10341340327582	-1.51323231589049	1	238
2.13319458869836	-1.01804594416171	1	239
2.03036422353048	-1.42678248230368	1	240
1.79199613112414	-1.04148233961314	1	241
4.14672987155468	-1.76426249090582	1	242
0.547415591172696	0.569153034128249	1	243
1.38654871384103	1.50507685076445	1	244
2.40765891267392	1.11565870977938	1	245
-0.585884337573535	1.18923530355096	1	246
-0.51278474801717	-0.17890218552202	1	247
-0.126312752334328	-0.359663671813905	1	248
1.38012388868063	1.24348097108305	1	249
1.19663983531674	0.419733161106706	1	250
0.519253795816729	0.618895712308586	1	251
0.751984258898043	-0.587210912257433	1	252
0.77483159606751	-0.91895941644907	1	253
3.63613700452891	1.9707362446934	1	254
0.980678033027158	0.533973057754338	1	255
2.46222153650324	-1.14716745913029	1	256
-0.205258512979628	-1.48251060768962	1	257
0.580400682003422	-0.0875278627499938	1	258
3.25215090220087	1.69629787933081	1	259
-0.269208063460124	0.39504386857152	1	260
4.57882929880411	1.90468277968466	1	261
0.470407115330443	0.927170047536492	1	262
0.0441041817403071	-0.573092351667583	1	263
0.9325434594675	-0.274105237796903	1	264
3.6997089957733	-1.40715375728905	1	265
4.06355006093538	-1.94768969807774	1	266
0.32131565183047	0.862264264374971	1	267
1.33029071728402	-1.58726305700839	1	268
-0.284867039612333	-0.214862605556846	1	269
-0.62577648093313	0.560404180549085	1	270
3.61155106755437	1.96735448017716	1	271
0.394689833119322	-0.0176256885752082	1	272
-0.847938093824471	-0.0626019025221467	1	273
4.35540541959815	-1.30623066052794	1	274
1.19495109582865	1.01928377803415	1	275
1.16421728208378	-0.184418043121696	1	276
-2.28712775472824	0.0446791350841522	1	277
2.10947892941922	-1.16981954686344	1	278
-0.138222704365161	-1.08536742907017	1	279
1.06637625742122	0.382847985252738	1	280
0.487823692660766	0.299488793127239	1	281
2.45446403554295	-1.69174247886986	1	282
4.77581948156775	-1.85783768165857	1	283
-0.374982827780871	0.571181968785822	1	284
2.35876152548721	1.71446079853922	1	285
-0.847118207849977	0.392369689419866	1	286
-0.608836189024771	0.243602992035449	1	287
0.956024031967387	0.104110895656049	1	288
4.19878016920658	1.94038089551032	1	289
1.00609357685403	0.0305672893300653	1	290
0.144465043226866	0.731152314692736	1	291
0.541340193882069	0.406164870597422	1	292
1.33519800379841	-1.04452528897673	1	293
-0.490517838027949	-0.967336293309927	1	294
2.61975574134185	0.917238493449986	1	295
0.170440077474312	-0.189716674387455	1	296
2.45428086475731	-1.29949292633682	1	297
1.92889725664926	0.986793078482151	1	298
2.44599052635238	-1.58004943840206	1	299
1.82047289802974	1.45817979611456	1	300
1.10396921491559	0.458579886704683	2	301
-0.99502274296305	0.228638155385852	2	302
2.44041268975397	-0.684890723787248	2	303
-0.348485523799723	-0.187474218197167	2	304
1.65414841358468	0.00176389049738646	2	305
3.14175316528485	-1.27653455547988	2	306
0.0970132955454975	0.118522411212325	2	307
3.45347198978709	-1.69889701716602	2	308
-0.234269671975257	-0.88897626940161	2	309
1.64367156296422	-1.14920192304999	2	310
1.78465465161931	-0.860838076099753	2	311
2.59666808983364	1.58037641178817	2	312
-0.407886661826539	-0.215058706700802	2	313
0.598482763674715	1.11993955913931	2	314
2.2820111726585	1.52247613947839	2	315
1.18991990826926	-0.347503161989152	2	316
2.56023373649183	-1.74476607795805	2	317
0.312019734951126	-0.658050033263862	2	318
-0.493287216763836	0.894903786480427	2	319
0.916213314656781	-0.649538666009903	2	320
1.58002701360133	0.521656489931047	2	321
3.35333339982069	1.36245821602643	2	322
2.84397893264457	1.42452665884048	2	323
-1.68094389710148	-0.434562875889242	2	324
0.710536886169695	-0.478024457581341	2	325
2.95816896234321	1.58178170397878	2	326
-0.0201676550366052	0.577263051643968	2	327
1.10039210881733	0.964314594864845	2	328
-0.686614900511269	0.421213786117733	2	329
3.27882734245218	1.61232644598931	2	330
0.353654967993407	-0.825079379603267	2	331
-0.0439570692058848	-1.23495956044644	2	332
2.02205854912113	1.5458037732169	2	333
1.36461336370901	0.0133579429239035	2	334
1.94047688729464	1.50823017209768	2	335
2.27835971150109	-1.24322551023215	2	336
2.01246061062169	1.03241220954806	2	337
0.810794749277464	0.897995570674539	2	338
2.79794512438317	1.77489927317947	2	339
-0.493372353065039	0.190586348064244	2	340
1.45695667386936	0.846975470893085	2	341
-0.86598418596784	-0.444379600696266	2	342
2.79504702598707	-1.59650749526918	2	343
2.63189383202887	1.7092083543539	2	344
-1.51307897374513	-0.867069998756051	2	345
-1.2775945025135	0.362292635254562	2	346
3.34512105966991	-1.55855758022517	2	347
1.66384167220148	1.3620281284675	2	348
1.33347873903649	-0.728145262226462	2	349
3.16755252469704	1.13140534795821	2	350
2.33872011946798	-0.929967170581222	2	351
1.94383610380399	-1.12541886046529	2	352
0.384476825973734	0.0671873455867171	2	353
0.661342836330222	-0.924197631888092	2	354
3.20434996275444	-1.27532669063658	2	355
0.601755275462444	0.0743045499548316	2	356
-1.11050978843237	0.251131743192673	2	357
2.044751682503	-1.48337258212268	2	358
-0.969201910298651	-0.97452958393842	2	359
0.564673706187391	0.871741103939712	2	360
0.814058400979402	1.84563974570483	2	361
3.87219964854162	-1.59943661373109	2	362
0.473035947313098	1.05289075803012	2	363
2.78080283991371	1.79186541866511	2	364
1.45513070200959	1.27453875355422	2	365
1.20024746143289	-0.766830677166581	2	366
1.03632441727732	0.598317841999233	2	367
3.85645061335503	1.8134218044579	2	368
2.72143047930464	1.81493060011417	2	369
-0.953584770858009	-0.640083186328411	2	370
0.513974529496092	-0.950103559531271	2	371
2.06865126565291	-1.33818426728249	2	372
-0.317093920192725	-0.71132777351886	2	373
-0.067200617555393	0.040500826202333	2	374
1.70832590910445	1.69587388541549	2	375
-0.00638717440779986	0.0438387934118509	2	376
1.06881465285818	-0.969514956697822	2	377
3.1452880045756	-1.81415645219386	2	378
-0.0559494480340641	-0.32857496663928	2	379
3.76862502057642	1.41600600909442	2	380
1.13600196566847	-0.611077289097011	2	381
3.28478729023509	-1.47423071786761	2	382
-0.671150198079704	-0.502052541822195	2	383
0.440682261340662	0.525680913589895	2	384
1.34814744024368	-0.439684265293181	2	385
0.518818112112107	0.758511395193636	2	386
-1.55532159503334	0.757653649896383	2	387
0.393071016872249	0.219602492637932	2	388
-1.82571186191177	-0.281502368859947	2	389
-0.775403873764939	-0.189119748771191	2	390
1.92343171378319	-0.774226964451373	2	391
0.713866297952668	0.313415776006877	2	392
3.78612954128901	1.64148121699691	2	393
2.35031433534097	-1.42958367150277	2	394
0.00531173295764761	-0.339809498749673	2	395
0.412709972909594	-1.15629699733108	2	396
1.67413790815612	-0.28499851655215	2	397
2.20367706719462	-1.46924009919167	2	398
-0.689651702547391	-0.159614216536283	2	399
4.00459840111108	1.77182823698968	2	400
2.17252582490508	1.04789544641972	2	401
4.89422949274819	1.7316393153742	2	402
-0.58924129553046	-0.117286009714007	2	403
-0.219180016427117	0.414352270774543	2	404
-0.412617076506022	-0.0600412776693702	2	405
2.07286254524448	-1.56477473396808	2	406
0.651637067053077	-1.00909266807139	2	407
-0.295642146796921	-0.00594187714159489	2	408
1.70042639280285	-0.508533167652786	2	409
2.32576710575417	1.73876548092812	2	410
-0.378962195017948	0.0959443114697933	2	411
1.18751358964579	-0.731421313248575	2	412
1.91355779159891	-0.888135882094502	2	413
0.550761894398396	1.15016203094274	2	414
0.147770887567719	0.809850050136447	2	415
2.31892431623724	-1.33988944534212	2	416
4.05290999507941	-1.74216984491795	2	417
0.786834670935256	1.01882248651236	2	418
-1.19801623049683	0.481640132144094	2	419
3.45599324211124	-1.32169293332845	2	420
4.50157414830422	-1.7511437907815	2	421
1.73535865896963	-1.56388292554766	2	422
0.158788769538759	-0.473134593106806	2	423
-0.00978439596806679	-1.32275634165853	2	424
1.21837575294395	-0.805389831773937	2	425
3.12810632327182	-1.2311618598178	2	426
-0.69381827022646	-0.971319914795458	2	427
0.846241899335931	-1.27507270872593	2	428
-0.632942249453472	-0.0907451612874866	2	429
0.491645348656907	1.08294817153364	2	430
1.53447443257447	-1.88885151036084	2	431
0.512897615884586	0.109243107959628	2	432
0.782483366820772	1.52127627562732	2	433
0.23280888124129	-0.507746512070298	2	434
3.86243986750029	-1.80816347338259	2	435
1.8912372835176	-1.44548701308668	2	436
1.40184940179493	-0.714031518436968	2	437
1.88054439380142	-1.38067355472594	2	438
1.51643742716027	-1.47108731139451	2	439
1.88908558975306	-1.11477628909051	2	440
0.764046759228319	-1.0944768153131	2	441
3.94627152939315	-1.47433386463672	2	442
3.69219414980045	1.92625384125859	2	443
1.3316030049849	-0.691945092752576	2	444
0.205933409159119	0.0277579883113503	2	445
-2.48130642031912	0.725770059041679	2	446
1.2045345939956	-1.60332358721644	2	447
1.89966190185778	-1.524389767088	2	448
3.47047565966567	-1.79824136197567	2	449
0.605419721553495	1.71701567899436	2	450
1.10396921491559	0.458579886704683	2	451
-0.99502274296305	0.228638155385852	2	452
2.44041268975397	-0.684890723787248	2	453
-0.348485523799723	-0.187474218197167	2	454
1.65414841358468	0.00176389049738646	2	455
3.14175316528485	-1.27653455547988	2	456
0.0970132955454975	0.118522411212325	2	457
3.45347198978709	-1.69889701716602	2	458
-0.234269671975257	-0.88897626940161	2	459
1.64367156296422	-1.14920192304999	2	460
1.78465465161931	-0.860838076099753	2	461
2.59666808983364	1.58037641178817	2	462
-0.407886661826539	-0.215058706700802	2	463
0.598482763674715	1.11993955913931	2	464
2.2820111726585	1.52247613947839	2	465
1.18991990826926	-0.347503161989152	2	466
2.56023373649183	-1.74476607795805	2	467
0.312019734951126	-0.658050033263862	2	468
-0.493287216763836	0.894903786480427	2	469
0.916213314656781	-0.649538666009903	2	470
1.58002701360133	0.521656489931047	2	471
3.35333339982069	1.36245821602643	2	472
2.84397893264457	1.42452665884048	2	473
-1.68094389710148	-0.434562875889242	2	474
0.710536886169695	-0.478024457581341	2	475
2.95816896234321	1.58178170397878	2	476
-0.0201676550366052	0.577263051643968	2	477
1.10039210881733	0.964314594864845	2	478
-0.686614900511269	0.421213786117733	2	479
3.27882734245218	1.61232644598931	2	480
0.353654967993407	-0.825079379603267	2	481
-0.0439570692058848	-1.23495956044644	2	482
2.02205854912113	1.5458037732169	2	483
1.36461336370901	0.0133579429239035	2	484
1.94047688729464	1.50823017209768	2	485
2.27835971150109	-1.24322551023215	2	486
2.01246061062169	1.03241220954806	2	487
0.810794749277464	0.897995570674539	2	488
2.79794512438317	1.77489927317947	2	489
-0.493372353065039	0.190586348064244	2	490
1.45695667386936	0.846975470893085	2	491
-0.86598418596784	-0.444379600696266	2	492
2.79504702598707	-1.59650749526918	2	493
2.63189383202887	1.7092083543539	2	494
-1.51307897374513	-0.867069998756051	2	495
-1.2775945025135	0.362292635254562	2	496
3.34512105966991	-1.55855758022517	2	497
1.66384167220148	1.3620281284675	2	498
1.33347873903649	-0.728145262226462	2	499
3.16755252469704	1.13140534795821	2	500
2.33872011946798	-0.929967170581222	2	501
1.94383610380399	-1.12541886046529	2	502
0.384476825973734	0.0671873455867171	2	503
0.661342836330222	-0.924197631888092	2	504
3.20434996275444	-1.27532669063658	2	505
0.601755275462444	0.0743045499548316	2	506
-1.11050978843237	0.251131743192673	2	507
2.044751682503	-1.48337258212268	2	508
-0.969201910298651	-0.97452958393842	2	509
0.564673706187391	0.871741103939712	2	510
0.814058400979402	1.84563974570483	2	511
3.87219964854162	-1.59943661373109	2	512
0.473035947313098	1.05289075803012	2	513
2.78080283991371	1.79186541866511	2	514
1.45513070200959	1.27453875355422	2	515
1.20024746143289	-0.766830677166581	2	516
1.03632441727732	0.598317841999233	2	517
3.85645061335503	1.8134218044579	2	518
2.72143047930464	1.81493060011417	2	519
-0.953584770858009	-0.640083186328411	2	520
0.513974529496092	-0.950103559531271	2	521
2.06865126565291	-1.33818426728249	2	522
-0.317093920192725	-0.71132777351886	2	523
-0.067200617555393	0.040500826202333	2	524
1.70832590910445	1.69587388541549	2	525
-0.00638717440779986	0.0438387934118509	2	526
1.06881465285818	-0.969514956697822	2	527
3.1452880045756	-1.81415645219386	2	528
-0.0559494480340641	-0.32857496663928	2	529
3.76862502057642	1.41600600909442	2	530
1.13600196566847	-0.611077289097011	2	531
3.28478729023509	-1.47423071786761	2	532
-0.671150198079704	-0.502052541822195	2	533
0.440682261340662	0.525680913589895	2	534
1.34814744024368	-0.439684265293181	2	535
0.518818112112107	0.758511395193636	2	536
-1.55532159503334	0.757653649896383	2	537
0.393071016872249	0.219602492637932	2	538
-1.82571186191177	-0.281502368859947	2	539
-0.775403873764939	-0.189119748771191	2	540
1.92343171378319	-0.774226964451373	2	541
0.713866297952668	0.313415776006877	2	542
3.78612954128901	1.64148121699691	2	543
2.35031433534097	-1.42958367150277	2	544
0.00531173295764761	-0.339809498749673	2	545
0.412709972909594	-1.15629699733108	2	546
1.67413790815612	-0.28499851655215	2	547
2.20367706719462	-1.46924009919167	2	548
-0.689651702547391	-0.159614216536283	2	549
4.00459840111108	1.77182823698968	2	550
2.17252582490508	1.04789544641972	2	551
4.89422949274819	1.7316393153742	2	552
-0.58924129553046	-0.117286009714007	2	553
-0.219180016427117	0.414352270774543	2	554
-0.412617076506022	-0.0600412776693702	2	555
2.07286254524448	-1.56477473396808	2	556
0.651637067053077	-1.00909266807139	2	557
-0.295642146796921	-0.00594187714159489	2	558
1.70042639280285	-0.508533167652786	2	559
2.32576710575417	1.73876548092812	2	560
-0.378962195017948	0.0959443114697933	2	561
1.18751358964579	-0.731421313248575	2	562
1.91355779159891	-0.888135882094502	2	563
0.550761894398396	1.15016203094274	2	564
0.147770887567719	0.809850050136447	2	565
2.31892431623724	-1.33988944534212	2	566
4.05290999507941	-1.74216984491795	2	567
0.786834670935256	1.01882248651236	2	568
-1.19801623049683	0.481640132144094	2	569
3.45599324211124	-1.32169293332845	2	570
4.50157414830422	-1.7511437907815	2	571
1.73535865896963	-1.56388292554766	2	572
0.158788769538759	-0.473134593106806	2	573
-0.00978439596806679	-1.32275634165853	2	574
1.21837575294395	-0.805389831773937	2	575
3.12810632327182	-1.2311618598178	2	576
-0.69381827022646	-0.971319914795458	2	577
0.846241899335931	-1.27507270872593	2	578
-0.632942249453472	-0.0907451612874866	2	579
0.491645348656907	1.08294817153364	2	580
1.53447443257447	-1.88885151036084	2	581
0.512897615884586	0.109243107959628	2	582
0.782483366820772	1.52127627562732	2	583
0.23280888124129	-0.507746512070298	2	584
3.86243986750029	-1.80816347338259	2	585
1.8912372835176	-1.44548701308668	2	586
1.40184940179493	-0.714031518436968	2	587
1.88054439380142	-1.38067355472594	2	588
1.51643742716027	-1.47108731139451	2	589
1.88908558975306	-1.11477628909051	2	590
0.764046759228319	-1.0944768153131	2	591
3.94627152939315	-1.47433386463672	2	592
3.69219414980045	1.92625384125859	2	593
1.3316030049849	-0.691945092752576	2	594
0.205933409159119	0.0277579883113503	2	595
-2.48130642031912	0.725770059041679	2	596
1.2045345939956	-1.60332358721644	2	597
1.89966190185778	-1.524389767088	2	598
3.47047565966567	-1.79824136197567	2	599
0.605419721553495	1.71701567899436	2	600
-2.91808235960177	-0.9379653474316	3	601
-3.86606248656007	-0.511504401452839	3	602
-3.83779908018985	0.291413453407586	3	603
-7.22174918954295	1.6328311599791	3	604
-5.87779246231372	-1.19327227585018	3	605
-5.48309762136416	1.59355873987079	3	606
-5.65440810547397	1.77870107442141	3	607
-5.51157784088259	0.643191169947386	3	608
-4.27108896076009	0.516456175595522	3	609
-5.53672864175903	-1.75285491812974	3	610
-4.83625229434027	-1.1761017004028	3	611
-2.50848004753617	-1.29377298988402	3	612
-2.31389405000358	0.748091386631131	3	613
-2.6194131360405	-0.463585127145052	3	614
-4.16014582161121	1.07936567999423	3	615
-2.72072391373646	-0.00920303165912628	3	616
-4.46363116749535	0.87047403305769	3	617
-6.24352854514477	1.96762437932193	3	618
-1.7500509706879	-0.479859282262623	3	619
-3.14818370324775	1.10978088527918	3	620
-6.83674246387756	1.73882092442364	3	621
-5.94466769807967	-1.15142991486937	3	622
-3.47773460058702	0.606695064343512	3	623
-4.80245440765163	-1.49777961615473	3	624
-2.51598549327392	-0.931117325089872	3	625
-4.52612948320781	-0.455543629825115	3	626
-6.42423889320393	-1.94643866736442	3	627
-2.98782164718609	-0.470448171719909	3	628
-3.99278588129321	1.47876338288188	3	629
-3.43572505786766	-0.638604013249278	3	630
-3.36243681068876	-0.071679538115859	3	631
-4.30542779359963	0.398263301700354	3	632
-3.51808791902781	-0.0258347718045115	3	633
-4.93747407120608	-1.25512959435582	3	634
-2.36421830998293	1.30949327442795	3	635
-1.00756529433484	0.673866952769458	3	636
-4.55193680973007	1.17695944290608	3	637
-6.50299864677327	-1.56822549644858	3	638
-5.77368033212609	0.894843784160912	3	639
-2.61128399592327	-0.354902281425893	3	640
-5.73867796304208	1.28378517646343	3	641
-1.0613678841573	0.588240775279701	3	642
-5.1664327402855	1.13173104915768	3	643
-2.93389917589455	0.212145246565342	3	644
0.796144625556618	0.118878320790827	3	645
-5.44854245902358	1.15742492675781	3	646
-6.3278436582753	-1.90667519066483	3	647
-4.11518999123699	-0.0910797398537397	3	648
-3.51586112197686	0.9292549546808	3	649
-4.46759178088941	0.770926225930452	3	650
-2.93071097827678	-0.0895215114578605	3	651
-5.38442522061205	1.4448379073292	3	652
-4.24455373057693	-0.247611571103334	3	653
-4.03076218854497	-1.02081089187413	3	654
-4.95746265290653	-1.7172838114202	3	655
-3.97287025564641	-1.60213535930961	3	656
-4.91280864023383	-0.734913171269	3	657
-3.2551667052784	0.0745370527729392	3	658
-2.26050578970612	0.648020305670798	3	659
-4.25311217215299	-0.372679251246154	3	660
-8.25596515017957	1.6515036970377	3	661
-4.6174956422893	-0.825586508959532	3	662
-3.99404929420187	-0.163737094961107	3	663
-3.40197613152349	-0.670421303249896	3	664
-3.76792715884312	0.60348186828196	3	665
-3.70539792638609	-0.967932877130806	3	666
-3.42973730987162	-0.0858190068975091	3	667
-3.76062357810267	1.06524268258363	3	668
-6.13161582639585	-1.66301234252751	3	669
-4.06375616597044	1.50128532014787	3	670
-4.15168783460215	-0.643708248622715	3	671
-4.55284937593214	1.35776140075177	3	672
-4.26094480822902	-0.613266043365002	3	673
-3.23408589923109	-0.664900276809931	3	674
-3.05667839023163	-0.0945950197055936	3	675
-7.14563320037228	1.56879334338009	3	676
-5.26811855436809	1.45735788252205	3	677
-2.01342314322059	-0.440041826106608	3	678
-3.54910839683743	1.10928279533982	3	679
-6.25145539888926	1.84247198887169	3	680
-4.26062657059316	-0.261362060904503	3	681
-2.55337116591897	0.850058714859188	3	682
-3.08081631108917	-0.400022524408996	3	683
-3.939803686426	-0.698591392487288	3	684
-2.4154726140938	1.02834859210998	3	685
-5.18386264401235	-1.18923097942024	3	686
-3.40979376847749	0.844484889879823	3	687
-4.00813462067178	-1.51323231589049	3	688
-3.43419474925369	-1.01804594416171	3	689
-5.34273051634548	-1.42678248230368	3	690
-4.5031035671487	-1.04148233961314	3	691
-5.75748660677113	-1.76426249090582	3	692
-2.81045406165783	0.569153034128249	3	693
-5.2466489263783	1.50507685076445	3	694
-2.92624538444992	1.11565870977938	3	695
-4.48011260705009	1.18923530355096	3	696
-3.73230207030226	-0.17890218552202	3	697
-2.59203182530132	-0.359663671813905	3	698
-6.74802724779955	1.24348097108305	3	699
-2.78420218273422	0.419733161106706	3	700
-2.88607095029023	0.618895712308586	3	701
-3.56969137090411	-0.587210912257433	3	702
-4.9616295744123	-0.91895941644907	3	703
-7.27879594946212	1.9707362446934	3	704
-1.73529688417121	0.533973057754338	3	705
-5.0595076590861	-1.14716745913029	3	706
-7.52954981964182	-1.48251060768962	3	707
-2.19541568454837	-0.0875278627499938	3	708
-6.37873715262357	1.69629787933081	3	709
-3.66694622404831	0.39504386857152	3	710
-7.8431805323823	1.90468277968466	3	711
-3.88220292539604	0.927170047536492	3	712
-2.62719554311017	-0.573092351667583	3	713
-3.6626157069775	-0.274105237796903	3	714
-5.58680963807149	-1.40715375728905	3	715
-5.69685494499786	-1.94768969807774	3	716
-3.99100933869841	0.862264264374971	3	717
-5.67930572546685	-1.58726305700839	3	718
-3.67194419000175	-0.214862605556846	3	719
-2.41361820997665	0.560404180549085	3	720
-7.86467727993938	1.96735448017716	3	721
-2.15106027901739	-0.0176256885752082	3	722
-2.19821670922296	-0.0626019025221467	3	723
-5.17383947449449	-1.30623066052794	3	724
-3.19051910644023	1.01928377803415	3	725
-2.04724015103282	-0.184418043121696	3	726
-2.42637593659251	0.0446791350841522	3	727
-2.34363572680561	-1.16981954686344	3	728
-6.14037564731144	-1.08536742907017	3	729
-4.31149351044967	0.382847985252738	3	730
-4.46621275093964	0.299488793127239	3	731
-5.69431268034296	-1.69174247886986	3	732
-4.86693177223076	-1.85783768165857	3	733
-1.6483598884898	0.571181968785822	3	734
-5.45107913133279	1.71446079853922	3	735
-2.27528071061512	0.392369689419866	3	736
-3.2042172917585	0.243602992035449	3	737
-2.5418673185201	0.104110895656049	3	738
-6.38884254253193	1.94038089551032	3	739
-3.76197463423347	0.0305672893300653	3	740
-3.82787864103141	0.731152314692736	3	741
-3.29981116651494	0.406164870597422	3	742
-2.6971872631389	-1.04452528897673	3	743
-4.97272819405288	-0.967336293309927	3	744
-5.95566160167006	0.917238493449986	3	745
-2.26771419833624	-0.189716674387455	3	746
-5.50484248635293	-1.29949292633682	3	747
-4.40986750290085	0.986793078482151	3	748
-4.59185119651185	-1.58004943840206	3	749
-5.88937458234503	1.45817979611456	3	750
-2.91808235960177	-0.9379653474316	3	751
-3.86606248656007	-0.511504401452839	3	752
-3.83779908018985	0.291413453407586	3	753
-7.22174918954295	1.6328311599791	3	754
-5.87779246231372	-1.19327227585018	3	755
-5.48309762136416	1.59355873987079	3	756
-5.65440810547397	1.77870107442141	3	757
-5.51157784088259	0.643191169947386	3	758
-4.27108896076009	0.516456175595522	3	759
-5.53672864175903	-1.75285491812974	3	760
-4.83625229434027	-1.1761017004028	3	761
-2.50848004753617	-1.29377298988402	3	762
-2.31389405000358	0.748091386631131	3	763
-2.6194131360405	-0.463585127145052	3	764
-4.16014582161121	1.07936567999423	3	765
-2.72072391373646	-0.00920303165912628	3	766
-4.46363116749535	0.87047403305769	3	767
-6.24352854514477	1.96762437932193	3	768
-1.7500509706879	-0.479859282262623	3	769
-3.14818370324775	1.10978088527918	3	770
-6.83674246387756	1.73882092442364	3	771
-5.94466769807967	-1.15142991486937	3	772
-3.47773460058702	0.606695064343512	3	773
-4.80245440765163	-1.49777961615473	3	774
-2.51598549327392	-0.931117325089872	3	775
-4.52612948320781	-0.455543629825115	3	776
-6.42423889320393	-1.94643866736442	3	777
-2.98782164718609	-0.470448171719909	3	778
-3.99278588129321	1.47876338288188	3	779
-3.43572505786766	-0.638604013249278	3	780
-3.36243681068876	-0.071679538115859	3	781
-4.30542779359963	0.398263301700354	3	782
-3.51808791902781	-0.0258347718045115	3	783
-4.93747407120608	-1.25512959435582	3	784
-2.36421830998293	1.30949327442795	3	785
-1.00756529433484	0.673866952769458	3	786
-4.55193680973007	1.17695944290608	3	787
-6.50299864677327	-1.56822549644858	3	788
-5.77368033212609	0.894843784160912	3	789
-2.61128399592327	-0.354902281425893	3	790
-5.73867796304208	1.28378517646343	3	791
-1.0613678841573	0.588240775279701	3	792
-5.1664327402855	1.13173104915768	3	793
-2.93389917589455	0.212145246565342	3	794
0.796144625556618	0.118878320790827	3	795
-5.44854245902358	1.15742492675781	3	796
-6.3278436582753	-1.90667519066483	3	797
-4.11518999123699	-0.0910797398537397	3	798
-3.51586112197686	0.9292549546808	3	799
-4.46759178088941	0.770926225930452	3	800
-2.93071097827678	-0.0895215114578605	3	801
-5.38442522061205	1.4448379073292	3	802
-4.24455373057693	-0.247611571103334	3	803
-4.03076218854497	-1.02081089187413	3	804
-4.95746265290653	-1.7172838114202	3	805
-3.97287025564641	-1.60213535930961	3	806
-4.91280864023383	-0.734913171269	3	807
-3.2551667052784	0.0745370527729392	3	808
-2.26050578970612	0.648020305670798	3	809
-4.25311217215299	-0.372679251246154	3	810
-8.25596515017957	1.6515036970377	3	811
-4.6174956422893	-0.825586508959532	3	812
-3.99404929420187	-0.163737094961107	3	813
-3.40197613152349	-0.670421303249896	3	814
-3.76792715884312	0.60348186828196	3	815
-3.70539792638609	-0.967932877130806	3	816
-3.42973730987162	-0.0858190068975091	3	817
-3.76062357810267	1.06524268258363	3	818
-6.13161582639585	-1.66301234252751	3	819
-4.06375616597044	1.50128532014787	3	820
-4.15168783460215	-0.643708248622715	3	821
-4.55284937593214	1.35776140075177	3	822
-4.26094480822902	-0.613266043365002	3	823
-3.23408589923109	-0.664900276809931	3	824
-3.05667839023163	-0.0945950197055936	3	825
-7.14563320037228	1.56879334338009	3	826
-5.26811855436809	1.45735788252205	3	827
-2.01342314322059	-0.440041826106608	3	828
-3.54910839683743	1.10928279533982	3	829
-6.25145539888926	1.84247198887169	3	830
-4.26062657059316	-0.261362060904503	3	831
-2.55337116591897	0.850058714859188	3	832
-3.08081631108917	-0.400022524408996	3	833
-3.939803686426	-0.698591392487288	3	834
-2.4154726140938	1.02834859210998	3	835
-5.18386264401235	-1.18923097942024	3	836
-3.40979376847749	0.844484889879823	3	837
-4.00813462067178	-1.51323231589049	3	838
-3.43419474925369	-1.01804594416171	3	839
-5.34273051634548	-1.42678248230368	3	840
-4.5031035671487	-1.04148233961314	3	841
-5.75748660677113	-1.76426249090582	3	842
-2.81045406165783	0.569153034128249	3	843
-5.2466489263783	1.50507685076445	3	844
-2.92624538444992	1.11565870977938	3	845
-4.48011260705009	1.18923530355096	3	846
-3.73230207030226	-0.17890218552202	3	847
-2.59203182530132	-0.359663671813905	3	848
-6.74802724779955	1.24348097108305	3	849
-2.78420218273422	0.419733161106706	3	850
-2.88607095029023	0.618895712308586	3	851
-3.56969137090411	-0.587210912257433	3	852
-4.9616295744123	-0.91895941644907	3	853
-7.27879594946212	1.9707362446934	3	854
-1.73529688417121	0.533973057754338	3	855
-5.0595076590861	-1.14716745913029	3	856
-7.52954981964182	-1.48251060768962	3	857
-2.19541568454837	-0.0875278627499938	3	858
-6.37873715262357	1.69629787933081	3	859
-3.66694622404831	0.39504386857152	3	860
-7.8431805323823	1.90468277968466	3	861
-3.88220292539604	0.927170047536492	3	862
-2.62719554311017	-0.573092351667583	3	863
-3.6626157069775	-0.274105237796903	3	864
-5.58680963807149	-1.40715375728905	3	865
-5.69685494499786	-1.94768969807774	3	866
-3.99100933869841	0.862264264374971	3	867
-5.67930572546685	-1.58726305700839	3	868
-3.67194419000175	-0.214862605556846	3	869
-2.41361820997665	0.560404180549085	3	870
-7.86467727993938	1.96735448017716	3	871
-2.15106027901739	-0.0176256885752082	3	872
-2.19821670922296	-0.0626019025221467	3	873
-5.17383947449449	-1.30623066052794	3	874
-3.19051910644023	1.01928377803415	3	875
-2.04724015103282	-0.184418043121696	3	876
-2.42637593659251	0.0446791350841522	3	877
-2.34363572680561	-1.16981954686344	3	878
-6.14037564731144	-1.08536742907017	3	879
-4.31149351044967	0.382847985252738	3	880
-4.46621275093964	0.299488793127239	3	881
-5.69431268034296	-1.69174247886986	3	882
-4.86693177223076	-1.85783768165857	3	883
-1.6483598884898	0.571181968785822	3	884
-5.45107913133279	1.71446079853922	3	885
-2.27528071061512	0.392369689419866	3	886
-3.2042172917585	0.243602992035449	3	887
-2.5418673185201	0.104110895656049	3	888
-6.38884254253193	1.94038089551032	3	889
-3.76197463423347	0.0305672893300653	3	890
-3.82787864103141	0.731152314692736	3	891
-3.29981116651494	0.406164870597422	3	892
-2.6971872631389	-1.04452528897673	3	893
-4.97272819405288	-0.967336293309927	3	894
-5.95566160167006	0.917238493449986	3	895
-2.26771419833624	-0.189716674387455	3	896
-5.50484248635293	-1.29949292633682	3	897
-4.40986750290085	0.986793078482151	3	898
-4.59185119651185	-1.58004943840206	3	899
-5.88937458234503	1.45817979611456	3	900
5.86922853285228	0.458579886704683	4	901
7.55469994033283	0.228638155385852	4	902
6.99738301584622	-0.684890723787248	4	903
6.57733793795295	-0.187474218197167	4	904
5.86332975559181	0.00176389049738646	4	905
6.49280661803149	-1.27653455547988	4	906
4.51742040760379	0.118522411212325	4	907
8.662865431379	-1.69889701716602	4	908
8.79199803533208	-0.88897626940161	4	909
7.54236887615541	-1.14920192304999	4	910
6.90541510250951	-0.860838076099753	4	911
8.83021321178645	1.58037641178817	4	912
5.66104224823639	-0.215058706700802	4	913
5.85551058956726	1.11993955913931	4	914
10.9936743911328	1.52247613947839	4	915
5.69707235891048	-0.347503161989152	4	916
8.74560715486004	-1.74476607795805	4	917
4.6406881194256	-0.658050033263862	4	918
6.55284456198891	0.894903786480427	4	919
6.17459656026732	-0.649538666009903	4	920
6.01661511496083	0.521656489931047	4	921
6.06935429032534	1.36245821602643	4	922
9.81393901777198	1.42452665884048	4	923
7.95243124084701	-0.434562875889242	4	924
6.91810760398003	-0.478024457581341	4	925
7.40129271461808	1.58178170397878	4	926
7.04774198769112	0.577263051643968	4	927
6.68343232093533	0.964314594864845	4	928
5.85763488768843	0.421213786117733	4	929
9.96224086139122	1.61232644598931	4	930
5.45287339266383	-0.825079379603267	4	931
7.01390588318759	-1.23495956044644	4	932
7.65831430622665	1.5458037732169	4	933
6.01993044151595	0.0133579429239035	4	934
6.70189433731582	1.50823017209768	4	935
6.8422763994637	-1.24322551023215	4	936
7.78180705933156	1.03241220954806	4	937
7.2716109513742	0.897995570674539	4	938
8.17636512352873	1.77489927317947	4	939
6.5955408865368	0.190586348064244	4	940
4.2847277028889	0.846975470893085	4	941
5.85698830281283	-0.444379600696266	4	942
9.2618693773009	-1.59650749526918	4	943
8.26235581210405	1.7092083543539	4	944
6.71540776017633	-0.867069998756051	4	945
4.53796965203279	0.362292635254562	4	946
9.27689452812511	-1.55855758022517	4	947
6.00473177407607	1.3620281284675	4	948
6.20654489121253	-0.728145262226462	4	949
7.02482994888526	1.13140534795821	4	950
6.92576016566559	-0.929967170581222	4	951
6.44307598247211	-1.12541886046529	4	952
7.83424462424302	0.0671873455867171	4	953
5.42422504700605	-0.924197631888092	4	954
7.88059531085462	-1.27532669063658	4	955
3.06574747080801	0.0743045499548316	4	956
6.06548296138247	0.251131743192673	4	957
8.71005978865525	-1.48337258212268	4	958
5.86498790885723	-0.97452958393842	4	959
7.46476552917559	0.871741103939712	4	960
9.7373624209196	1.84563974570483	4	961
9.53452495431994	-1.59943661373109	4	962
6.2652390679465	1.05289075803012	4	963
8.24020177374498	1.79186541866511	4	964
5.85291768566863	1.27453875355422	4	965
6.26555894579781	-0.766830677166581	4	966
5.01918349770012	0.598317841999233	4	967
9.97665466902941	1.8134218044579	4	968
9.36525373548135	1.81493060011417	4	969
8.59945884469951	-0.640083186328411	4	970
5.74498917453251	-0.950103559531271	4	971
8.9724251972947	-1.33818426728249	4	972
5.97861883977112	-0.71132777351886	4	973
4.54501230561232	0.040500826202333	4	974
9.44895560572741	1.69587388541549	4	975
4.5685441351356	0.0438387934118509	4	976
5.88477423273428	-0.969514956697822	4	977
8.55805175561465	-1.81415645219386	4	978
6.3188687729533	-0.32857496663928	4	979
7.00615229073049	1.41600600909442	4	980
7.45126577645578	-0.611077289097011	4	981
6.97438182699658	-1.47423071786761	4	982
6.46869378993484	-0.502052541822195	4	983
6.41942745270163	0.525680913589895	4	984
5.12757216209342	-0.439684265293181	4	985
6.14671612593682	0.758511395193636	4	986
5.91785957642996	0.757653649896383	4	987
7.00761958163041	0.219602492637932	4	988
7.63529621977598	-0.281502368859947	4	989
4.99496984558703	-0.189119748771191	4	990
7.52999980102383	-0.774226964451373	4	991
6.0227835176378	0.313415776006877	4	992
6.72726523670269	1.64148121699691	4	993
7.28780583118214	-1.42958367150277	4	994
6.57661965594727	-0.339809498749673	4	995
7.48212937708475	-1.15629699733108	4	996
3.6389128333555	-0.28499851655215	4	997
8.73898515452431	-1.46924009919167	4	998
6.68052869660724	-0.159614216536283	4	999
8.83486646413453	1.77182823698968	4	1000
6.39051663400988	1.04789544641972	4	1001
10.9701467330278	1.7316393153742	4	1002
5.92375732742688	-0.117286009714007	4	1003
6.1576705523641	0.414352270774543	4	1004
4.88014801791402	-0.0600412776693702	4	1005
7.10438984468867	-1.56477473396808	4	1006
5.49511224169335	-1.00909266807139	4	1007
5.57806709552179	-0.00594187714159489	4	1008
7.61953044668396	-0.508533167652786	4	1009
10.7771002430021	1.73876548092812	4	1010
7.5775700452562	0.0959443114697933	4	1011
7.83173270742202	-0.731421313248575	4	1012
6.55118909362017	-0.888135882094502	4	1013
6.09872256174162	1.15016203094274	4	1014
6.32804442356593	0.809850050136447	4	1015
5.38285344946697	-1.33988944534212	4	1016
8.72136289509805	-1.74216984491795	4	1017
8.69787796366895	1.01882248651236	4	1018
6.3629303174993	0.481640132144094	4	1019
8.84276089269995	-1.32169293332845	4	1020
9.55584553293651	-1.7511437907815	4	1021
7.66681950937085	-1.56388292554766	4	1022
7.96741569612369	-0.473134593106806	4	1023
7.6712970540668	-1.32275634165853	4	1024
5.6730989886023	-0.805389831773937	4	1025
7.5864193498086	-1.2311618598178	4	1026
5.42486284805506	-0.971319914795458	4	1027
8.489589445329	-1.27507270872593	4	1028
6.50980306966146	-0.0907451612874866	4	1029
6.81799541258108	1.08294817153364	4	1030
9.07933114060122	-1.88885151036084	4	1031
6.94822800392938	0.109243107959628	4	1032
7.25187312036437	1.52127627562732	4	1033
5.27398564881516	-0.507746512070298	4	1034
9.69370302349508	-1.80816347338259	4	1035
7.63811922444961	-1.44548701308668	4	1036
7.4349258060453	-0.714031518436968	4	1037
7.70763865490726	-1.38067355472594	4	1038
9.35894889464633	-1.47108731139451	4	1039
7.73827087989857	-1.11477628909051	4	1040
4.95272692516494	-1.0944768153131	4	1041
6.83828898399642	-1.47433386463672	4	1042
10.9932290671412	1.92625384125859	4	1043
7.16958391555808	-0.691945092752576	4	1044
5.03370783805678	0.0277579883113503	4	1045
5.18094849358125	0.725770059041679	4	1046
9.60431191464031	-1.60332358721644	4	1047
7.51198770233954	-1.524389767088	4	1048
11.0353974745383	-1.79824136197567	4	1049
10.7196848022919	1.71701567899436	4	1050
5.86922853285228	0.458579886704683	4	1051
7.55469994033283	0.228638155385852	4	1052
6.99738301584622	-0.684890723787248	4	1053
6.57733793795295	-0.187474218197167	4	1054
5.86332975559181	0.00176389049738646	4	1055
6.49280661803149	-1.27653455547988	4	1056
4.51742040760379	0.118522411212325	4	1057
8.662865431379	-1.69889701716602	4	1058
8.79199803533208	-0.88897626940161	4	1059
7.54236887615541	-1.14920192304999	4	1060
6.90541510250951	-0.860838076099753	4	1061
8.83021321178645	1.58037641178817	4	1062
5.66104224823639	-0.215058706700802	4	1063
5.85551058956726	1.11993955913931	4	1064
10.9936743911328	1.52247613947839	4	1065
5.69707235891048	-0.347503161989152	4	1066
8.74560715486004	-1.74476607795805	4	1067
4.6406881194256	-0.658050033263862	4	1068
6.55284456198891	0.894903786480427	4	1069
6.17459656026732	-0.649538666009903	4	1070
6.01661511496083	0.521656489931047	4	1071
6.06935429032534	1.36245821602643	4	1072
9.81393901777198	1.42452665884048	4	1073
7.95243124084701	-0.434562875889242	4	1074
6.91810760398003	-0.478024457581341	4	1075
7.40129271461808	1.58178170397878	4	1076
7.04774198769112	0.577263051643968	4	1077
6.68343232093533	0.964314594864845	4	1078
5.85763488768843	0.421213786117733	4	1079
9.96224086139122	1.61232644598931	4	1080
5.45287339266383	-0.825079379603267	4	1081
7.01390588318759	-1.23495956044644	4	1082
7.65831430622665	1.5458037732169	4	1083
6.01993044151595	0.0133579429239035	4	1084
6.70189433731582	1.50823017209768	4	1085
6.8422763994637	-1.24322551023215	4	1086
7.78180705933156	1.03241220954806	4	1087
7.2716109513742	0.897995570674539	4	1088
8.17636512352873	1.77489927317947	4	1089
6.5955408865368	0.190586348064244	4	1090
4.2847277028889	0.846975470893085	4	1091
5.85698830281283	-0.444379600696266	4	1092
9.2618693773009	-1.59650749526918	4	1093
8.26235581210405	1.7092083543539	4	1094
6.71540776017633	-0.867069998756051	4	1095
4.53796965203279	0.362292635254562	4	1096
9.27689452812511	-1.55855758022517	4	1097
6.00473177407607	1.3620281284675	4	1098
6.20654489121253	-0.728145262226462	4	1099
7.02482994888526	1.13140534795821	4	1100
6.92576016566559	-0.929967170581222	4	1101
6.44307598247211	-1.12541886046529	4	1102
7.83424462424302	0.0671873455867171	4	1103
5.42422504700605	-0.924197631888092	4	1104
7.88059531085462	-1.27532669063658	4	1105
3.06574747080801	0.0743045499548316	4	1106
6.06548296138247	0.251131743192673	4	1107
8.71005978865525	-1.48337258212268	4	1108
5.86498790885723	-0.97452958393842	4	1109
7.46476552917559	0.871741103939712	4	1110
9.7373624209196	1.84563974570483	4	1111
9.53452495431994	-1.59943661373109	4	1112
6.2652390679465	1.05289075803012	4	1113
8.24020177374498	1.79186541866511	4	1114
5.85291768566863	1.27453875355422	4	1115
6.26555894579781	-0.766830677166581	4	1116
5.01918349770012	0.598317841999233	4	1117
9.97665466902941	1.8134218044579	4	1118
9.36525373548135	1.81493060011417	4	1119
8.59945884469951	-0.640083186328411	4	1120
5.74498917453251	-0.950103559531271	4	1121
8.9724251972947	-1.33818426728249	4	1122
5.97861883977112	-0.71132777351886	4	1123
4.54501230561232	0.040500826202333	4	1124
9.44895560572741	1.69587388541549	4	1125
4.5685441351356	0.0438387934118509	4	1126
5.88477423273428	-0.969514956697822	4	1127
8.55805175561465	-1.81415645219386	4	1128
6.3188687729533	-0.32857496663928	4	1129
7.00615229073049	1.41600600909442	4	1130
7.45126577645578	-0.611077289097011	4	1131
6.97438182699658	-1.47423071786761	4	1132
6.46869378993484	-0.502052541822195	4	1133
6.41942745270163	0.525680913589895	4	1134
5.12757216209342	-0.439684265293181	4	1135
6.14671612593682	0.758511395193636	4	1136
5.91785957642996	0.757653649896383	4	1137
7.00761958163041	0.219602492637932	4	1138
7.63529621977598	-0.281502368859947	4	1139
4.99496984558703	-0.189119748771191	4	1140
7.52999980102383	-0.774226964451373	4	1141
6.0227835176378	0.313415776006877	4	1142
6.72726523670269	1.64148121699691	4	1143
7.28780583118214	-1.42958367150277	4	1144
6.57661965594727	-0.339809498749673	4	1145
7.48212937708475	-1.15629699733108	4	1146
3.6389128333555	-0.28499851655215	4	1147
8.73898515452431	-1.46924009919167	4	1148
6.68052869660724	-0.159614216536283	4	1149
8.83486646413453	1.77182823698968	4	1150
6.39051663400988	1.04789544641972	4	1151
10.9701467330278	1.7316393153742	4	1152
5.92375732742688	-0.117286009714007	4	1153
6.1576705523641	0.414352270774543	4	1154
4.88014801791402	-0.0600412776693702	4	1155
7.10438984468867	-1.56477473396808	4	1156
5.49511224169335	-1.00909266807139	4	1157
5.57806709552179	-0.00594187714159489	4	1158
7.61953044668396	-0.508533167652786	4	1159
10.7771002430021	1.73876548092812	4	1160
7.5775700452562	0.0959443114697933	4	1161
7.83173270742202	-0.731421313248575	4	1162
6.55118909362017	-0.888135882094502	4	1163
6.09872256174162	1.15016203094274	4	1164
6.32804442356593	0.809850050136447	4	1165
5.38285344946697	-1.33988944534212	4	1166
8.72136289509805	-1.74216984491795	4	1167
8.69787796366895	1.01882248651236	4	1168
6.3629303174993	0.481640132144094	4	1169
8.84276089269995	-1.32169293332845	4	1170
9.55584553293651	-1.7511437907815	4	1171
7.66681950937085	-1.56388292554766	4	1172
7.96741569612369	-0.473134593106806	4	1173
7.6712970540668	-1.32275634165853	4	1174
5.6730989886023	-0.805389831773937	4	1175
7.5864193498086	-1.2311618598178	4	1176
5.42486284805506	-0.971319914795458	4	1177
8.489589445329	-1.27507270872593	4	1178
6.50980306966146	-0.0907451612874866	4	1179
6.81799541258108	1.08294817153364	4	1180
9.07933114060122	-1.88885151036084	4	1181
6.94822800392938	0.109243107959628	4	1182
7.25187312036437	1.52127627562732	4	1183
5.27398564881516	-0.507746512070298	4	1184
9.69370302349508	-1.80816347338259	4	1185
7.63811922444961	-1.44548701308668	4	1186
7.4349258060453	-0.714031518436968	4	1187
7.70763865490726	-1.38067355472594	4	1188
9.35894889464633	-1.47108731139451	4	1189
7.73827087989857	-1.11477628909051	4	1190
4.95272692516494	-1.0944768153131	4	1191
6.83828898399642	-1.47433386463672	4	1192
10.9932290671412	1.92625384125859	4	1193
7.16958391555808	-0.691945092752576	4	1194
5.03370783805678	0.0277579883113503	4	1195
5.18094849358125	0.725770059041679	4	1196
9.60431191464031	-1.60332358721644	4	1197
7.51198770233954	-1.524389767088	4	1198
11.0353974745383	-1.79824136197567	4	1199
10.7196848022919	1.71701567899436	4	1200
